{
  "content": [
    {
      "path": "Business.json",
      "size": 122,
      "date": 132399197780000000
    },
    {
      "path": "ContentInfo/campbell/Thumbnail.jpg",
      "size": 72619,
      "date": 132446089740000000
    },
    {
      "path": "manifest.json",
      "size": 297,
      "date": 132448675672513650
    },
    {
      "path": "scenery/global/scenery/modelLib.BGL",
      "size": 345382,
      "date": 132448567030525922
    },
    {
      "path": "scenery/global/scenery/TEXTURE/BARNTEXTURE.PNG.DDS",
      "size": 5592560,
      "date": 132448534334950005
    },
    {
      "path": "scenery/global/scenery/TEXTURE/BARNTEXTURE.PNG.DDS.json",
      "size": 119,
      "date": 132448534333483349
    },
    {
      "path": "scenery/global/scenery/TEXTURE/BLDG1_TEST.PNG.DDS",
      "size": 2796344,
      "date": 132448534344285598
    },
    {
      "path": "scenery/global/scenery/TEXTURE/BLDG1_TEST.PNG.DDS.json",
      "size": 102,
      "date": 132448534343150163
    },
    {
      "path": "scenery/global/scenery/TEXTURE/GAZEBOTEXTURE.PNG.DDS",
      "size": 5592560,
      "date": 132448534368495877
    },
    {
      "path": "scenery/global/scenery/TEXTURE/GAZEBOTEXTURE.PNG.DDS.json",
      "size": 119,
      "date": 132448534367352360
    },
    {
      "path": "scenery/global/scenery/TEXTURE/HANGAR DOORS TEX.PNG.DDS",
      "size": 2796344,
      "date": 132448534434085111
    },
    {
      "path": "scenery/global/scenery/TEXTURE/HANGAR DOORS TEX.PNG.DDS.json",
      "size": 102,
      "date": 132448534433353587
    },
    {
      "path": "scenery/global/scenery/TEXTURE/HANGAR EXTERIORTEX.PNG.DDS",
      "size": 5592560,
      "date": 132448534379752207
    },
    {
      "path": "scenery/global/scenery/TEXTURE/HANGAR EXTERIORTEX.PNG.DDS.json",
      "size": 119,
      "date": 132448534377750577
    },
    {
      "path": "scenery/global/scenery/TEXTURE/HANGAR INTERIOR TEX.PNG.DDS",
      "size": 2796344,
      "date": 132448534408051299
    },
    {
      "path": "scenery/global/scenery/TEXTURE/HANGAR INTERIOR TEX.PNG.DDS.json",
      "size": 102,
      "date": 132448534407250745
    },
    {
      "path": "scenery/global/scenery/TEXTURE/HANGAR ROOFTEX.PNG.DDS",
      "size": 2796344,
      "date": 132448534424950607
    },
    {
      "path": "scenery/global/scenery/TEXTURE/HANGAR ROOFTEX.PNG.DDS.json",
      "size": 102,
      "date": 132448534424150431
    },
    {
      "path": "scenery/global/scenery/TEXTURE/HANGAR SMALL.PNG.DDS",
      "size": 5592560,
      "date": 132448534389150766
    },
    {
      "path": "scenery/global/scenery/TEXTURE/HANGAR SMALL.PNG.DDS.json",
      "size": 119,
      "date": 132448534387652320
    },
    {
      "path": "scenery/global/scenery/TEXTURE/HANGAR2-TEXTURE.PNG.DDS",
      "size": 5592560,
      "date": 132448534461385985
    },
    {
      "path": "scenery/global/scenery/TEXTURE/HANGAR2-TEXTURE.PNG.DDS.json",
      "size": 119,
      "date": 132448534460115775
    },
    {
      "path": "scenery/global/scenery/TEXTURE/HANGAR3-TEXTURE.PNG.DDS",
      "size": 2796344,
      "date": 132448534470417402
    },
    {
      "path": "scenery/global/scenery/TEXTURE/HANGAR3-TEXTURE.PNG.DDS.json",
      "size": 102,
      "date": 132448534469750750
    },
    {
      "path": "scenery/global/scenery/TEXTURE/HANGAR4-TEXTURE.PNG.DDS",
      "size": 5592560,
      "date": 132448534480315409
    },
    {
      "path": "scenery/global/scenery/TEXTURE/HANGAR4-TEXTURE.PNG.DDS.json",
      "size": 119,
      "date": 132448534479050319
    },
    {
      "path": "scenery/global/scenery/TEXTURE/HANGAR6TEXTURE.PNG.DDS",
      "size": 5592560,
      "date": 132448534491117349
    },
    {
      "path": "scenery/global/scenery/TEXTURE/HANGAR6TEXTURE.PNG.DDS.json",
      "size": 119,
      "date": 132448534489786312
    },
    {
      "path": "scenery/global/scenery/TEXTURE/HANGAR7TEX.PNG.DDS",
      "size": 5592560,
      "date": 132448534501714258
    },
    {
      "path": "scenery/global/scenery/TEXTURE/HANGAR7TEX.PNG.DDS.json",
      "size": 119,
      "date": 132448534500717012
    },
    {
      "path": "scenery/global/scenery/TEXTURE/LIGHTS.PNG.DDS",
      "size": 2796344,
      "date": 132448534451200284
    },
    {
      "path": "scenery/global/scenery/TEXTURE/LIGHTS.PNG.DDS.json",
      "size": 102,
      "date": 132448534450551032
    },
    {
      "path": "scenery/global/scenery/TEXTURE/REARDOORTEX.PNG.DDS",
      "size": 2796344,
      "date": 132448534442307218
    },
    {
      "path": "scenery/global/scenery/TEXTURE/REARDOORTEX.PNG.DDS.json",
      "size": 102,
      "date": 132448534441500150
    },
    {
      "path": "scenery/global/scenery/TEXTURE/TRIM.PNG.DDS",
      "size": 2796344,
      "date": 132448534416296349
    },
    {
      "path": "scenery/global/scenery/TEXTURE/TRIM.PNG.DDS.json",
      "size": 102,
      "date": 132448534415646412
    },
    {
      "path": "scenery/global/scenery/TEXTURE/TRUSSES.PNG.DDS",
      "size": 2796344,
      "date": 132448534399051704
    },
    {
      "path": "scenery/global/scenery/TEXTURE/TRUSSES.PNG.DDS.json",
      "size": 102,
      "date": 132448534398396800
    },
    {
      "path": "scenery/global/scenery/TEXTURE/WOODGATE TEXTURE.PNG.DDS",
      "size": 5592560,
      "date": 132448534357397815
    },
    {
      "path": "scenery/global/scenery/TEXTURE/WOODGATE TEXTURE.PNG.DDS.json",
      "size": 119,
      "date": 132448534355787776
    },
    {
      "path": "scenery/world/scenery/C81.bgl",
      "size": 11940,
      "date": 132448689187608063
    },
    {
      "path": "scenery/world/scenery/CVX0081.BGL",
      "size": 4177,
      "date": 132448689188689390
    }
  ]
}