<SimBase.Document Type="ServiceFile">
          <Service.ParkingSpaceServices>
		      <ParkingSpace  name ="RAMP GA SMALL" MinParkingSpaces="0">
			     <ParkingTypes>
					  <ParkingEntry ParkingType="RAMP_GA"/>
            		  <ParkingEntry ParkingType="RAMP_GA_SMALL"/>
					  <ParkingEntry ParkingType="RAMP_GA_MEDIUM"/>
					  <ParkingEntry ParkingType="RAMP_GA_LARGE"/>
					  <ParkingEntry ParkingType="RAMP_CARGO"/>
					  <ParkingEntry ParkingType="GATE_SMALL"/>
					  <ParkingEntry ParkingType="GATE_MEDIUM"/>
					  <ParkingEntry ParkingType="GATE_HEAVY"/>
                  </ParkingTypes>
				  <IdleWorkers>
                      <Spot Frequency="0.0" SpawnDistanceParkingRadiusFactor="1.0" SpawnDistanceAdditionalOffset="2.0" SpawnAngleFromParking="-100" HeadingFromParkingHeading="90" > 
                      <IdleWorker Filename="Shared\IdleWorkers\Large\V1" EntryWeight="1"/>
                      </Spot>
                      <Spot Frequency="0.0" SpawnDistanceParkingRadiusFactor="1.0" SpawnDistanceAdditionalOffset="12.0" SpawnAngleFromParking="110" HeadingFromParkingHeading="-80" >
                          <IdleWorker Filename="Shared\IdleWorkers\Large\V1" EntryWeight="1"/>
                          <IdleWorker Filename="Shared\IdleWorkers\Large\V2" EntryWeight="1"/>
                      </Spot>
                  </IdleWorkers>
                  <Services>
                      <Service name ="Marshaller" Filename="Shared\Marshaller\Marshaller" AIType="Marshaller" Frequency="0.0"
                          SpawnDistanceParkingRadiusFactor="1.0" SpawnDistanceAdditionalOffset="4.0" SpawnAngleFromParking="20" HeadingFromParkingHeading="50"/>
                      <Service name ="SmallPushBack" Filename="Shared\PushBack\SmallPushBack" AIType="SmallPushback" Frequency="0.0"
                          SpawnDistanceParkingRadiusFactor="1.0" SpawnDistanceAdditionalOffset="2.0" SpawnAngleFromParking="-10" HeadingFromParkingHeading="150"/>
                  </Services>  
                  <SleepingActivities>
                      <SleepingAirlinerServices Probability="0.1" Timer="600"/>
                      <SleepingSmallPlaneRefueling Probability="0.1" Timer="600"/>
                  </SleepingActivities>
              </ParkingSpace>
          </Service.ParkingSpaceServices>
              <Service.AirportServices>
              <Services>
                  <Service name ="Fuel" Filename="Shared\Fuel\Fuel" ParkingType="VEHICLE" Frequency="1"/>
              </Services>
          </Service.AirportServices>
      
      </SimBase.Document>