{
  "content": [
    {
      "path": "Business.json",
      "size": 122,
      "date": 132399197780000000
    },
    {
      "path": "ContentInfo/campbell/Thumbnail.jpg",
      "size": 13520,
      "date": 132399197780000000
    },
    {
      "path": "manifest.json",
      "size": 298,
      "date": 132445977066773346
    },
    {
      "path": "scenery/global/scenery/modelLib.BGL",
      "size": 79454,
      "date": 132445900400097203
    },
    {
      "path": "scenery/global/scenery/TEXTURE/BARNTEXTURE.PNG.DDS",
      "size": 5592560,
      "date": 132445900304299033
    },
    {
      "path": "scenery/global/scenery/TEXTURE/BARNTEXTURE.PNG.DDS.json",
      "size": 119,
      "date": 132445900302699093
    },
    {
      "path": "scenery/global/scenery/TEXTURE/BLDG1_TEST.PNG.DDS",
      "size": 2796344,
      "date": 132445900313611689
    },
    {
      "path": "scenery/global/scenery/TEXTURE/BLDG1_TEST.PNG.DDS.json",
      "size": 102,
      "date": 132445900312899726
    },
    {
      "path": "scenery/global/scenery/TEXTURE/GAZEBOTEXTURE.PNG.DDS",
      "size": 5592560,
      "date": 132445900338445581
    },
    {
      "path": "scenery/global/scenery/TEXTURE/GAZEBOTEXTURE.PNG.DDS.json",
      "size": 119,
      "date": 132445900336400209
    },
    {
      "path": "scenery/global/scenery/TEXTURE/HANGAR2-TEXTURE.PNG.DDS",
      "size": 5592560,
      "date": 132445900349011662
    },
    {
      "path": "scenery/global/scenery/TEXTURE/HANGAR2-TEXTURE.PNG.DDS.json",
      "size": 119,
      "date": 132445900347198972
    },
    {
      "path": "scenery/global/scenery/TEXTURE/HANGAR3-TEXTURE.PNG.DDS",
      "size": 2796344,
      "date": 132445900360435679
    },
    {
      "path": "scenery/global/scenery/TEXTURE/HANGAR3-TEXTURE.PNG.DDS.json",
      "size": 102,
      "date": 132445900359635178
    },
    {
      "path": "scenery/global/scenery/TEXTURE/HANGAR4-TEXTURE.PNG.DDS",
      "size": 5592560,
      "date": 132445900370242422
    },
    {
      "path": "scenery/global/scenery/TEXTURE/HANGAR4-TEXTURE.PNG.DDS.json",
      "size": 119,
      "date": 132445900369057488
    },
    {
      "path": "scenery/global/scenery/TEXTURE/HANGAR6TEXTURE.PNG.DDS",
      "size": 5592560,
      "date": 132445900381699494
    },
    {
      "path": "scenery/global/scenery/TEXTURE/HANGAR6TEXTURE.PNG.DDS.json",
      "size": 119,
      "date": 132445900380077617
    },
    {
      "path": "scenery/global/scenery/TEXTURE/HANGAR7TEX.PNG.DDS",
      "size": 5592560,
      "date": 132445900393937246
    },
    {
      "path": "scenery/global/scenery/TEXTURE/HANGAR7TEX.PNG.DDS.json",
      "size": 119,
      "date": 132445900391987170
    },
    {
      "path": "scenery/global/scenery/TEXTURE/WOODGATE TEXTURE.PNG.DDS",
      "size": 5592560,
      "date": 132445900326286294
    },
    {
      "path": "scenery/global/scenery/TEXTURE/WOODGATE TEXTURE.PNG.DDS.json",
      "size": 119,
      "date": 132445900324916249
    },
    {
      "path": "scenery/world/scenery/C81.bgl",
      "size": 8429,
      "date": 132446017074961992
    },
    {
      "path": "scenery/world/scenery/CVX0081.BGL",
      "size": 3792,
      "date": 132446017076063822
    }
  ]
}